month_start,total_waiting,within_18_wks,known_start,over_52_wks,over_78_wks,pct_within_18_wks
2025-04-01,7421453,4430301,7421453,192560,2055,59.7
2025-05-01,7388277,4499048,7388277,199590,2019,60.9
2025-06-01,7400275,4550091,7400275,194715,1890,61.5
2025-07-01,7334286,4486685,7334286,192769,2320,61.2
2025-08-01,7345544,4475566,7345544,192024,2375,60.9
2025-09-01,7329574,4522668,7329574,181947,2540,61.7
2025-10-01,7337076,4523866,7337076,174373,2900,61.7
2025-11-01,7191310,4429395,7191310,157710,2755,61.6
2025-12-01,7231880,4440594,7231880,142204,2874,61.4
2026-01-01,7187677,4412147,7187677,137320,2947,61.4
2026-02-01,7156212,4472365,7156212,124280,2668,62.5
2026-03-01,7045510,4596622,7045510,95824,2335,65.2
