month_start,treatment_function_code,treatment_function_name,total_waiting,within_18_wks,known_start,over_52_wks,pct_within_18_wks
2025-04-01,C_110,Trauma and Orthopaedic Service,852738,480751,852738,26413,56.4
2025-04-01,C_120,Ear Nose and Throat Service,640611,326113,640611,26740,50.9
2025-04-01,X02,Other - Medical Services,635425,413231,635425,10033,65.0
2025-04-01,C_130,Ophthalmology Service,590862,406522,590862,9334,68.8
2025-04-01,C_502,Gynaecology Service,581381,320456,581381,18242,55.1
2025-04-01,X05,Other - Surgical Services,482845,295576,482845,12019,61.2
2025-04-01,C_320,Cardiology Service,410447,248197,410447,7748,60.5
2025-04-01,C_101,Urology Service,409715,242581,409715,12092,59.2
2025-04-01,C_330,Dermatology Service,402039,243461,402039,9213,60.6
2025-04-01,C_100,General Surgery Service,397596,235053,397596,11762,59.1
2025-04-01,C_301,Gastroenterology Service,387757,242337,387757,6850,62.5
2025-04-01,X04,Other - Paediatric Services,332695,203539,332695,8528,61.2
2025-04-01,C_140,Oral Surgery Service,330221,166284,330221,13770,50.4
2025-04-01,C_400,Neurology Service,226685,121964,226685,6732,53.8
2025-04-01,C_340,Respiratory Medicine Service,213536,136586,213536,2875,64.0
2025-04-01,X06,Other - Other Services,165507,120664,165507,2976,72.9
2025-04-01,C_410,Rheumatology Service,124070,82295,124070,1632,66.3
2025-04-01,C_160,Plastic Surgery Service,102317,55115,102317,3657,53.9
2025-04-01,C_150,Neurosurgical Service,59217,34804,59217,1420,58.8
2025-04-01,C_300,General Internal Medicine Service,39540,26875,39540,291,68.0
2025-04-01,C_430,Elderly Medicine Service,23622,19297,23622,48,81.7
2025-04-01,C_170,Cardiothoracic Surgery Service,10118,6748,10118,180,66.7
2025-04-01,X03,Other - Mental Health Services,2509,1852,2509,5,73.8
2025-05-01,C_110,Trauma and Orthopaedic Service,851668,492544,851668,27133,57.8
2025-05-01,X02,Other - Medical Services,640580,421816,640580,11181,65.8
2025-05-01,C_120,Ear Nose and Throat Service,637813,329301,637813,28615,51.6
2025-05-01,C_130,Ophthalmology Service,591689,415425,591689,9598,70.2
2025-05-01,C_502,Gynaecology Service,579525,326862,579525,18458,56.4
2025-05-01,X05,Other - Surgical Services,482498,300251,482498,12727,62.2
2025-05-01,C_330,Dermatology Service,413963,258551,413963,10600,62.5
2025-05-01,C_101,Urology Service,401627,240731,401627,11882,59.9
2025-05-01,C_320,Cardiology Service,401421,246680,401421,7713,61.5
2025-05-01,C_100,General Surgery Service,394767,237607,394767,11490,60.2
2025-05-01,C_301,Gastroenterology Service,377572,240772,377572,6567,63.8
2025-05-01,X04,Other - Paediatric Services,332200,207164,332200,9126,62.4
2025-05-01,C_140,Oral Surgery Service,330318,170777,330318,13738,51.7
2025-05-01,C_400,Neurology Service,225459,124835,225459,6855,55.4
2025-05-01,C_340,Respiratory Medicine Service,208340,135020,208340,3114,64.8
2025-05-01,X06,Other - Other Services,159902,119531,159902,2950,74.8
2025-05-01,C_410,Rheumatology Service,123363,83705,123363,1654,67.9
2025-05-01,C_160,Plastic Surgery Service,102837,57218,102837,4000,55.6
2025-05-01,C_150,Neurosurgical Service,58778,35501,58778,1648,60.4
2025-05-01,C_300,General Internal Medicine Service,37880,26532,37880,281,70.0
2025-05-01,C_430,Elderly Medicine Service,23648,19637,23648,58,83.0
2025-05-01,C_170,Cardiothoracic Surgery Service,9991,6704,9991,198,67.1
2025-05-01,X03,Other - Mental Health Services,2438,1884,2438,4,77.3
2025-06-01,C_110,Trauma and Orthopaedic Service,856854,502779,856854,27687,58.7
2025-06-01,X02,Other - Medical Services,644898,427873,644898,11017,66.3
2025-06-01,C_120,Ear Nose and Throat Service,637470,330343,637470,27928,51.8
2025-06-01,C_130,Ophthalmology Service,594477,419984,594477,8845,70.6
2025-06-01,C_502,Gynaecology Service,581261,331716,581261,17953,57.1
2025-06-01,X05,Other - Surgical Services,486919,306724,486919,12380,63.0
2025-06-01,C_330,Dermatology Service,429065,273085,429065,10940,63.6
2025-06-01,C_101,Urology Service,396943,239034,396943,11165,60.2
2025-06-01,C_320,Cardiology Service,396660,245124,396660,7404,61.8
2025-06-01,C_100,General Surgery Service,395532,241490,395532,11031,61.1
2025-06-01,C_301,Gastroenterology Service,374586,241810,374586,6192,64.6
2025-06-01,X04,Other - Paediatric Services,329872,206346,329872,9030,62.6
2025-06-01,C_140,Oral Surgery Service,328404,169586,328404,13195,51.6
2025-06-01,C_400,Neurology Service,225658,127253,225658,6820,56.4
2025-06-01,C_340,Respiratory Medicine Service,204616,135077,204616,2583,66.0
2025-06-01,X06,Other - Other Services,155817,116172,155817,2979,74.6
2025-06-01,C_410,Rheumatology Service,124517,85606,124517,1490,68.8
2025-06-01,C_160,Plastic Surgery Service,103945,59199,103945,4145,57.0
2025-06-01,C_150,Neurosurgical Service,57991,35048,57991,1441,60.4
2025-06-01,C_300,General Internal Medicine Service,37569,26099,37569,258,69.5
2025-06-01,C_430,Elderly Medicine Service,24385,20538,24385,48,84.2
2025-06-01,C_170,Cardiothoracic Surgery Service,10358,7364,10358,180,71.1
2025-06-01,X03,Other - Mental Health Services,2478,1841,2478,4,74.3
2025-07-01,C_110,Trauma and Orthopaedic Service,856088,501772,856088,28710,58.6
2025-07-01,C_120,Ear Nose and Throat Service,630229,320925,630229,27100,50.9
2025-07-01,X02,Other - Medical Services,630153,417449,630153,10644,66.2
2025-07-01,C_130,Ophthalmology Service,587925,411517,587925,8249,70.0
2025-07-01,C_502,Gynaecology Service,576835,325135,576835,18171,56.4
2025-07-01,X05,Other - Surgical Services,478284,300103,478284,12457,62.7
2025-07-01,C_330,Dermatology Service,437764,280556,437764,11252,64.1
2025-07-01,C_100,General Surgery Service,395792,241832,395792,11136,61.1
2025-07-01,C_101,Urology Service,390620,234853,390620,10110,60.1
2025-07-01,C_320,Cardiology Service,389777,240099,389777,6991,61.6
2025-07-01,C_301,Gastroenterology Service,375775,242291,375775,6489,64.5
2025-07-01,X04,Other - Paediatric Services,331362,204932,331362,8808,61.8
2025-07-01,C_140,Oral Surgery Service,323107,165182,323107,13020,51.1
2025-07-01,C_400,Neurology Service,221445,123754,221445,6786,55.9
2025-07-01,C_340,Respiratory Medicine Service,200527,131829,200527,2524,65.7
2025-07-01,X06,Other - Other Services,152219,113020,152219,2623,74.2
2025-07-01,C_410,Rheumatology Service,123610,84000,123610,1487,68.0
2025-07-01,C_160,Plastic Surgery Service,102834,59459,102834,4240,57.8
2025-07-01,C_150,Neurosurgical Service,57791,34495,57791,1434,59.7
2025-07-01,C_300,General Internal Medicine Service,35003,23663,35003,325,67.6
2025-07-01,C_430,Elderly Medicine Service,25208,21325,25208,28,84.6
2025-07-01,C_170,Cardiothoracic Surgery Service,9293,6549,9293,182,70.5
2025-07-01,X03,Other - Mental Health Services,2645,1945,2645,3,73.5
2025-08-01,C_110,Trauma and Orthopaedic Service,865083,506953,865083,29176,58.6
2025-08-01,X02,Other - Medical Services,641459,424753,641459,10769,66.2
2025-08-01,C_120,Ear Nose and Throat Service,625167,313798,625167,26232,50.2
2025-08-01,C_130,Ophthalmology Service,589527,411392,589527,8137,69.8
2025-08-01,C_502,Gynaecology Service,576774,324560,576774,18400,56.3
2025-08-01,X05,Other - Surgical Services,476402,298359,476402,12703,62.6
2025-08-01,C_330,Dermatology Service,440465,282755,440465,10520,64.2
2025-08-01,C_100,General Surgery Service,396097,241958,396097,11402,61.1
2025-08-01,C_320,Cardiology Service,388137,237227,388137,6979,61.1
2025-08-01,C_101,Urology Service,388076,232594,388076,9856,59.9
2025-08-01,C_301,Gastroenterology Service,378334,242190,378334,6975,64.0
2025-08-01,X04,Other - Paediatric Services,329500,199738,329500,8242,60.6
2025-08-01,C_140,Oral Surgery Service,321708,162514,321708,13132,50.5
2025-08-01,C_400,Neurology Service,222355,124400,222355,6874,55.9
2025-08-01,C_340,Respiratory Medicine Service,197085,129342,197085,2639,65.6
2025-08-01,X06,Other - Other Services,150631,111572,150631,2264,74.1
2025-08-01,C_410,Rheumatology Service,124196,83351,124196,1410,67.1
2025-08-01,C_160,Plastic Surgery Service,103364,59809,103364,4259,57.9
2025-08-01,C_150,Neurosurgical Service,58447,34783,58447,1496,59.5
2025-08-01,C_300,General Internal Medicine Service,34683,23414,34683,360,67.5
2025-08-01,C_430,Elderly Medicine Service,25971,21699,25971,37,83.6
2025-08-01,C_170,Cardiothoracic Surgery Service,9321,6450,9321,160,69.2
2025-08-01,X03,Other - Mental Health Services,2762,1955,2762,2,70.8
2025-09-01,C_110,Trauma and Orthopaedic Service,869508,516951,869508,29111,59.5
2025-09-01,X02,Other - Medical Services,637259,425067,637259,9836,66.7
2025-09-01,C_120,Ear Nose and Throat Service,619049,317014,619049,23903,51.2
2025-09-01,C_130,Ophthalmology Service,591922,417894,591922,7155,70.6
2025-09-01,C_502,Gynaecology Service,576885,329323,576885,18439,57.1
2025-09-01,X05,Other - Surgical Services,477059,302039,477059,12226,63.3
2025-09-01,C_330,Dermatology Service,436966,279592,436966,9665,64.0
2025-09-01,C_100,General Surgery Service,394291,243835,394291,10944,61.8
2025-09-01,C_320,Cardiology Service,389813,243170,389813,6936,62.4
2025-09-01,C_101,Urology Service,389179,238836,389179,9238,61.4
2025-09-01,C_301,Gastroenterology Service,380312,247511,380312,6636,65.1
2025-09-01,X04,Other - Paediatric Services,322730,196513,322730,7203,60.9
2025-09-01,C_140,Oral Surgery Service,319102,162473,319102,12866,50.9
2025-09-01,C_400,Neurology Service,222324,126940,222324,5992,57.1
2025-09-01,C_340,Respiratory Medicine Service,192497,127920,192497,2229,66.5
2025-09-01,X06,Other - Other Services,150968,113078,150968,2026,74.9
2025-09-01,C_410,Rheumatology Service,122697,82675,122697,1266,67.4
2025-09-01,C_160,Plastic Surgery Service,105055,61626,105055,4243,58.7
2025-09-01,C_150,Neurosurgical Service,58489,35659,58489,1464,61.0
2025-09-01,C_300,General Internal Medicine Service,35445,24334,35445,380,68.7
2025-09-01,C_430,Elderly Medicine Service,26079,21928,26079,26,84.1
2025-09-01,C_170,Cardiothoracic Surgery Service,9269,6489,9269,162,70.0
2025-09-01,X03,Other - Mental Health Services,2676,1801,2676,1,67.3
2025-10-01,C_110,Trauma and Orthopaedic Service,867625,512488,867625,29115,59.1
2025-10-01,X02,Other - Medical Services,636088,421986,636088,9491,66.3
2025-10-01,C_120,Ear Nose and Throat Service,615457,315512,615457,22105,51.3
2025-10-01,C_130,Ophthalmology Service,600728,426083,600728,6400,70.9
2025-10-01,C_502,Gynaecology Service,577404,331406,577404,18118,57.4
2025-10-01,X05,Other - Surgical Services,483574,305517,483574,11540,63.2
2025-10-01,C_330,Dermatology Service,434502,273384,434502,9563,62.9
2025-10-01,C_100,General Surgery Service,392001,240003,392001,10232,61.2
2025-10-01,C_101,Urology Service,390137,241336,390137,9024,61.9
2025-10-01,C_320,Cardiology Service,388897,243970,388897,6573,62.7
2025-10-01,C_301,Gastroenterology Service,383164,250339,383164,6298,65.3
2025-10-01,X04,Other - Paediatric Services,320923,195407,320923,6412,60.9
2025-10-01,C_140,Oral Surgery Service,317880,161943,317880,12722,50.9
2025-10-01,C_400,Neurology Service,224733,129284,224733,5632,57.5
2025-10-01,C_340,Respiratory Medicine Service,189090,126119,189090,2092,66.7
2025-10-01,X06,Other - Other Services,154087,115481,154087,1916,74.9
2025-10-01,C_410,Rheumatology Service,121595,81187,121595,1137,66.8
2025-10-01,C_160,Plastic Surgery Service,105548,60486,105548,4325,57.3
2025-10-01,C_150,Neurosurgical Service,58245,35871,58245,1164,61.6
2025-10-01,C_300,General Internal Medicine Service,37037,25612,37037,306,69.2
2025-10-01,C_430,Elderly Medicine Service,26135,21855,26135,61,83.6
2025-10-01,C_170,Cardiothoracic Surgery Service,9326,6553,9326,145,70.3
2025-10-01,X03,Other - Mental Health Services,2900,2044,2900,2,70.5
2025-11-01,C_110,Trauma and Orthopaedic Service,854156,503094,854156,27719,58.9
2025-11-01,X02,Other - Medical Services,617922,407254,617922,8076,65.9
2025-11-01,C_130,Ophthalmology Service,599944,424277,599944,5689,70.7
2025-11-01,C_120,Ear Nose and Throat Service,589891,306729,589891,18434,52.0
2025-11-01,C_502,Gynaecology Service,564583,324325,564583,16603,57.4
2025-11-01,X05,Other - Surgical Services,479566,301593,479566,10442,62.9
2025-11-01,C_330,Dermatology Service,414724,256164,414724,8438,61.8
2025-11-01,C_320,Cardiology Service,384970,242300,384970,5557,62.9
2025-11-01,C_101,Urology Service,384642,239616,384642,8616,62.3
2025-11-01,C_100,General Surgery Service,381777,232784,381777,9691,61.0
2025-11-01,C_301,Gastroenterology Service,376024,243617,376024,5843,64.8
2025-11-01,X04,Other - Paediatric Services,317397,194067,317397,5849,61.1
2025-11-01,C_140,Oral Surgery Service,314455,162398,314455,11692,51.6
2025-11-01,C_400,Neurology Service,219159,125664,219159,4927,57.3
2025-11-01,C_340,Respiratory Medicine Service,184964,123966,184964,1754,67.0
2025-11-01,X06,Other - Other Services,152640,113885,152640,1741,74.6
2025-11-01,C_410,Rheumatology Service,118613,79095,118613,999,66.7
2025-11-01,C_160,Plastic Surgery Service,106160,60377,106160,4003,56.9
2025-11-01,C_150,Neurosurgical Service,55317,33531,55317,1121,60.6
2025-11-01,C_300,General Internal Medicine Service,36408,24882,36408,263,68.3
2025-11-01,C_430,Elderly Medicine Service,25922,21209,25922,101,81.8
2025-11-01,C_170,Cardiothoracic Surgery Service,9279,6585,9279,150,71.0
2025-11-01,X03,Other - Mental Health Services,2797,1983,2797,2,70.9
2025-12-01,C_110,Trauma and Orthopaedic Service,853046,496662,853046,25716,58.2
2025-12-01,X02,Other - Medical Services,621799,410695,621799,7075,66.0
2025-12-01,C_130,Ophthalmology Service,603289,423435,603289,5012,70.2
2025-12-01,C_120,Ear Nose and Throat Service,591034,310020,591034,16212,52.5
2025-12-01,C_502,Gynaecology Service,572008,327525,572008,15273,57.3
2025-12-01,X05,Other - Surgical Services,481435,300284,481435,9186,62.4
2025-12-01,C_330,Dermatology Service,405659,242792,405659,7092,59.9
2025-12-01,C_101,Urology Service,391331,245920,391331,8074,62.8
2025-12-01,C_320,Cardiology Service,388079,245250,388079,5029,63.2
2025-12-01,C_100,General Surgery Service,386066,231864,386066,9228,60.1
2025-12-01,C_301,Gastroenterology Service,381906,247200,381906,5132,64.7
2025-12-01,C_140,Oral Surgery Service,318622,164947,318622,10611,51.8
2025-12-01,X04,Other - Paediatric Services,318140,198555,318140,5205,62.4
2025-12-01,C_400,Neurology Service,222750,126943,222750,4269,57.0
2025-12-01,C_340,Respiratory Medicine Service,184992,125316,184992,1419,67.7
2025-12-01,X06,Other - Other Services,152954,114685,152954,1556,75.0
2025-12-01,C_410,Rheumatology Service,117989,78741,117989,875,66.7
2025-12-01,C_160,Plastic Surgery Service,105324,58142,105324,3606,55.2
2025-12-01,C_150,Neurosurgical Service,59391,35932,59391,1117,60.5
2025-12-01,C_300,General Internal Medicine Service,37148,25262,37148,257,68.0
2025-12-01,C_430,Elderly Medicine Service,26735,21628,26735,126,80.9
2025-12-01,C_170,Cardiothoracic Surgery Service,9392,6750,9392,130,71.9
2025-12-01,X03,Other - Mental Health Services,2791,2046,2791,4,73.3
2026-01-01,C_110,Trauma and Orthopaedic Service,845246,486993,845246,25055,57.6
2026-01-01,X02,Other - Medical Services,618094,408517,618094,6673,66.1
2026-01-01,C_130,Ophthalmology Service,598650,417006,598650,5237,69.7
2026-01-01,C_120,Ear Nose and Throat Service,589045,314253,589045,16122,53.3
2026-01-01,C_502,Gynaecology Service,566350,321893,566350,14735,56.8
2026-01-01,X05,Other - Surgical Services,483202,300584,483202,9189,62.2
2026-01-01,C_330,Dermatology Service,396831,237136,396831,6315,59.8
2026-01-01,C_101,Urology Service,390044,245097,390044,7858,62.8
2026-01-01,C_100,General Surgery Service,386565,230192,386565,8958,59.5
2026-01-01,C_320,Cardiology Service,385038,245976,385038,4595,63.9
2026-01-01,C_301,Gastroenterology Service,383697,248775,383697,4758,64.8
2026-01-01,C_140,Oral Surgery Service,318440,166952,318440,10023,52.4
2026-01-01,X04,Other - Paediatric Services,316214,200153,316214,4974,63.3
2026-01-01,C_400,Neurology Service,219187,124897,219187,3721,57.0
2026-01-01,C_340,Respiratory Medicine Service,185422,128590,185422,1361,69.3
2026-01-01,X06,Other - Other Services,151357,111851,151357,1791,73.9
2026-01-01,C_410,Rheumatology Service,116258,77050,116258,859,66.3
2026-01-01,C_160,Plastic Surgery Service,104152,56455,104152,3432,54.2
2026-01-01,C_150,Neurosurgical Service,58192,35148,58192,1061,60.4
2026-01-01,C_300,General Internal Medicine Service,37048,24796,37048,321,66.9
2026-01-01,C_430,Elderly Medicine Service,26371,20923,26371,143,79.3
2026-01-01,C_170,Cardiothoracic Surgery Service,9293,6614,9293,137,71.2
2026-01-01,X03,Other - Mental Health Services,2981,2296,2981,2,77.0
2026-02-01,C_110,Trauma and Orthopaedic Service,837743,482753,837743,23056,57.6
2026-02-01,X02,Other - Medical Services,624597,421212,624597,5946,67.4
2026-02-01,C_130,Ophthalmology Service,602540,425095,602540,5181,70.6
2026-02-01,C_120,Ear Nose and Throat Service,587637,323953,587637,15490,55.1
2026-02-01,C_502,Gynaecology Service,565435,327377,565435,13160,57.9
2026-02-01,X05,Other - Surgical Services,476457,302598,476457,7929,63.5
2026-02-01,C_101,Urology Service,386911,247126,386911,6818,63.9
2026-02-01,C_100,General Surgery Service,385499,232439,385499,8207,60.3
2026-02-01,C_320,Cardiology Service,382774,252042,382774,4159,65.8
2026-02-01,C_330,Dermatology Service,381323,233592,381323,5283,61.3
2026-02-01,C_301,Gastroenterology Service,379573,250159,379573,3995,65.9
2026-02-01,C_140,Oral Surgery Service,322932,173050,322932,9136,53.6
2026-02-01,X04,Other - Paediatric Services,316672,204951,316672,4721,64.7
2026-02-01,C_400,Neurology Service,216273,124444,216273,2932,57.5
2026-02-01,C_340,Respiratory Medicine Service,185125,132713,185125,1082,71.7
2026-02-01,X06,Other - Other Services,153307,114714,153307,1744,74.8
2026-02-01,C_410,Rheumatology Service,114276,76958,114276,779,67.3
2026-02-01,C_160,Plastic Surgery Service,103747,56735,103747,3049,54.7
2026-02-01,C_150,Neurosurgical Service,56821,34372,56821,927,60.5
2026-02-01,C_300,General Internal Medicine Service,37666,25638,37666,361,68.1
2026-02-01,C_430,Elderly Medicine Service,26545,21354,26545,168,80.4
2026-02-01,C_170,Cardiothoracic Surgery Service,9323,6653,9323,155,71.4
2026-02-01,X03,Other - Mental Health Services,3036,2437,3036,2,80.3
2026-03-01,C_110,Trauma and Orthopaedic Service,826172,488079,826172,18999,59.1
2026-03-01,X02,Other - Medical Services,614175,433774,614175,3897,70.6
2026-03-01,C_130,Ophthalmology Service,603966,439393,603966,4424,72.8
2026-03-01,C_120,Ear Nose and Throat Service,580054,338817,580054,12596,58.4
2026-03-01,C_502,Gynaecology Service,555528,337944,555528,10033,60.8
2026-03-01,X05,Other - Surgical Services,467771,309100,467771,5642,66.1
2026-03-01,C_101,Urology Service,378188,250637,378188,5112,66.3
2026-03-01,C_100,General Surgery Service,376693,237010,376693,5927,62.9
2026-03-01,C_320,Cardiology Service,375773,260246,375773,2892,69.3
2026-03-01,C_330,Dermatology Service,372060,241996,372060,3653,65.0
2026-03-01,C_301,Gastroenterology Service,366951,256103,366951,2925,69.8
2026-03-01,C_140,Oral Surgery Service,320612,178101,320612,7091,55.6
2026-03-01,X04,Other - Paediatric Services,316520,214156,316520,3908,67.7
2026-03-01,C_400,Neurology Service,208673,126368,208673,2075,60.6
2026-03-01,C_340,Respiratory Medicine Service,183922,137944,183922,665,75.0
2026-03-01,X06,Other - Other Services,152735,117837,152735,1282,77.2
2026-03-01,C_410,Rheumatology Service,112400,79075,112400,755,70.4
2026-03-01,C_160,Plastic Surgery Service,101370,57379,101370,2464,56.6
2026-03-01,C_150,Neurosurgical Service,56423,35100,56423,776,62.2
2026-03-01,C_300,General Internal Medicine Service,37173,26707,37173,432,71.8
2026-03-01,C_430,Elderly Medicine Service,26038,21559,26038,156,82.8
2026-03-01,C_170,Cardiothoracic Surgery Service,9135,6700,9135,117,73.3
2026-03-01,X03,Other - Mental Health Services,3178,2597,3178,3,81.7
